name,label
Pug/00000116.jpg,Pug
Pug/00000044.jpg,Pug
Pug/00000045.jpg,Pug
Pug/00000106.jpg,Pug
Pug/00000066.jpg,Pug
Pug/00000074.jpg,Pug
Pug/00000159.jpg,Pug
Pug/00000089.jpg,Pug
Pug/00000125.jpg,Pug
Pug/00000111.jpg,Pug
Pug/00000000.jpg,Pug
Pug/00000072.jpg,Pug
Pug/00000141.jpg,Pug
Pug/00000119.jpg,Pug
Pug/00000156.jpg,Pug
Pug/00000050.jpeg,Pug
Pug/00000164.jpg,Pug
Pug/00000012.jpeg,Pug
Pug/00000031.jpg,Pug
Pug/00000033.jpg,Pug
Pug/00000166.jpg,Pug
Pug/00000078.jpeg,Pug
Pug/00000034.jpg,Pug
Pug/00000188.jpg,Pug
Pug/00000022.jpg,Pug
Pug/00000035.jpg,Pug
Pug/00000023.png,Pug
Pug/00000038.jpg,Pug
Pug/00000063.jpg,Pug
Pug/00000070.jpg,Pug
Pug/00000010.jpg,Pug
Pug/00000017.jpg,Pug
Pug/00000098.jpg,Pug
Pug/00000091.jpg,Pug
Pug/00000002.jpg,Pug
Pug/00000093.jpg,Pug
Pug/00000048.jpg,Pug
Pug/00000181.jpg,Pug
Pug/00000086.jpg,Pug
Pug/00000124.jpg,Pug
Pug/00000061.jpg,Pug
Pug/00000195.jpg,Pug
Pug/00000085.jpg,Pug
Pug/00000019.jpg,Pug
Pug/00000172.jpg,Pug
Pug/00000057.jpg,Pug
Pug/00000042.jpg,Pug
Pug/00000193.jpg,Pug
Pug/00000084.jpg,Pug
Pug/00000186.jpg,Pug
Pug/00000087.jpg,Pug
Pug/00000105.jpg,Pug
Pug/00000008.jpg,Pug
Pug/00000097.jpg,Pug
Pug/00000026.jpg,Pug
Pug/00000198.jpg,Pug
Pug/00000014.jpg,Pug
Pug/00000001.jpg,Pug
Pug/00000046.jpeg,Pug
Pug/00000047.jpg,Pug
Pug/00000146.jpg,Pug
Pug/00000144.jpg,Pug
Pug/00000110.jpg,Pug
Pug/00000041.jpg,Pug
Pug/00000139.jpg,Pug
Pug/00000027.jpg,Pug
Pug/00000068.jpg,Pug
Pug/00000020.jpg,Pug
Pug/00000109.jpg,Pug
Pug/00000007.jpg,Pug
Pug/00000088.jpg,Pug
Pug/00000036.jpg,Pug
Pug/00000056.JPG,Pug
Pug/00000009.jpg,Pug
Pug/00000005.jpg,Pug
Pug/00000174.png,Pug
Pug/00000060.jpg,Pug
Pug/00000004.jpg,Pug
Pug/00000049.jpg,Pug
Pug/00000177.jpg,Pug
Pug/00000131.jpg,Pug
Pug/00000197.jpg,Pug
Pug/00000155.jpg,Pug
Pug/00000018.jpg,Pug
Pug/00000104.jpg,Pug
Pug/00000059.jpg,Pug
Pug/00000006.jpg,Pug
Pug/00000040.jpg,Pug
Pug/00000137.jpg,Pug
Pug/00000015.jpg,Pug
Pug/00000145.jpg,Pug
Pug/00000051.jpg,Pug
Pug/00000032.jpg,Pug
Pug/00000128.jpg,Pug
Pug/00000013.jpg,Pug
Pug/00000090.jpg,Pug
Pug/00000108.jpg,Pug
Pug/00000196.jpg,Pug
Pug/00000080.jpg,Pug
Pug/00000073.jpg,Pug
Pug/00000112.jpg,Pug
Pug/00000021.jpg,Pug
Pug/00000194.jpg,Pug
Pug/00000129.png,Pug
Pug/00000100.jpg,Pug
Pug/00000083.jpg,Pug
Pug/00000081.jpg,Pug
Pug/00000016.JPG,Pug
Pug/00000163.jpg,Pug
Pug/00000075.jpg,Pug
Pug/00000054.jpg,Pug
Pug/00000191.jpg,Pug
Pug/00000101.jpg,Pug
Pug/00000052.jpg,Pug
Pug/00000043.jpg,Pug
Pug/00000071.jpg,Pug
Pug/00000168.jpg,Pug
Pug/00000039.jpg,Pug
Pug/00000176.jpg,Pug
Pug/00000103.jpg,Pug
Pug/00000171.jpg,Pug
Pug/00000154.jpg,Pug
Pug/00000053.jpg,Pug
Pug/00000025.png,Pug
French/00000044.jpg,French
French/00000091.jpeg,French
French/00000003.jpg,French
French/00000045.jpg,French
French/00000066.jpg,French
French/00000035.jpeg,French
French/00000129.jpg,French
French/00000089.jpg,French
French/00000125.jpg,French
French/00000022.png,French
French/00000111.jpg,French
French/00000000.jpg,French
French/00000072.jpg,French
French/00000140.jpeg,French
French/00000141.jpg,French
French/00000156.jpg,French
French/00000088.jpeg,French
French/00000190.jpg,French
French/00000023.jpg,French
French/00000013.jpeg,French
French/00000031.jpg,French
French/00000033.jpg,French
French/00000166.jpg,French
French/00000173.jpg,French
French/00000034.jpg,French
French/00000188.jpg,French
French/00000199.jpg,French
French/00000102.jpg,French
French/00000096.jpg,French
French/00000014.jpeg,French
French/00000010.jpg,French
French/00000082.jpg,French
French/00000178.jpg,French
French/00000194.jpeg,French
French/00000095.jpg,French
French/00000143.jpg,French
French/00000098.jpg,French
French/00000130.jpg,French
French/00000050.jpg,French
French/00000002.jpg,French
French/00000093.jpg,French
French/00000048.jpg,French
French/00000185.jpg,French
French/00000181.jpg,French
French/00000149.jpg,French
French/00000086.jpg,French
French/00000118.jpg,French
French/00000061.jpg,French
French/00000195.jpg,French
French/00000030.jpg,French
French/00000114.jpg,French
French/00000123.jpg,French
French/00000169.jpg,French
French/00000067.jpeg,French
French/00000085.jpg,French
French/00000016.jpg,French
French/00000019.jpg,French
French/00000172.jpg,French
French/00000057.jpg,French
French/00000042.jpg,French
French/00000193.jpg,French
French/00000084.jpg,French
French/00000186.jpg,French
French/00000008.jpg,French
French/00000198.jpg,French
French/00000115.jpg,French
French/00000184.jpg,French
French/00000142.jpg,French
French/00000189.jpg,French
French/00000001.jpg,French
French/00000132.jpg,French
French/00000047.jpg,French
French/00000147.jpg,French
French/00000144.jpg,French
French/00000011.jpg,French
French/00000041.jpg,French
French/00000139.jpg,French
French/00000161.jpg,French
French/00000167.jpg,French
French/00000055.jpg,French
French/00000068.jpg,French
French/00000020.jpg,French
French/00000182.jpg,French
French/00000024.jpg,French
French/00000109.jpg,French
French/00000005.jpeg,French
French/00000065.jpg,French
French/00000036.jpg,French
French/00000009.jpg,French
French/00000120.jpg,French
French/00000165.jpg,French
French/00000117.jpg,French
French/00000078.jpg,French
French/00000056.jpg,French
French/00000076.jpg,French
French/00000004.jpg,French
French/00000136.jpg,French
French/00000049.jpg,French
French/00000131.jpg,French
French/00000197.jpg,French
French/00000155.jpg,French
French/00000018.jpg,French
French/00000104.jpg,French
French/00000150.jpg,French
French/00000059.jpg,French
French/00000006.jpg,French
French/00000040.jpg,French
French/00000137.jpg,French
French/00000015.jpg,French
French/00000145.jpg,French
French/00000158.jpg,French
French/00000092.jpg,French
French/00000051.jpg,French
French/00000032.jpg,French
French/00000128.jpg,French
French/00000160.jpg,French
French/00000148.jpg,French
French/00000079.jpg,French
French/00000113.png,French
French/00000162.jpg,French
French/00000192.jpg,French
French/00000126.jpg,French
French/00000138.jpg,French
French/00000196.jpg,French
French/00000080.jpg,French
French/00000112.jpg,French
French/00000021.jpg,French
French/00000133.jpg,French
French/00000037.jpg,French
French/00000121.jpg,French
French/00000081.png,French
French/00000122.jpg,French
French/00000094.jpeg,French
French/00000170.png,French
French/00000099.jpg,French
French/00000134.jpg,French
French/00000163.jpg,French
French/00000075.jpg,French
French/00000177.png,French
French/00000054.jpg,French
French/00000191.jpg,French
French/00000101.jpg,French
French/00000052.jpg,French
French/00000043.jpg,French
French/00000071.jpg,French
French/00000168.jpg,French
French/00000039.jpg,French
French/00000176.jpg,French
French/00000174.jpg,French
French/00000127.jpg,French
French/00000107.jpg,French
French/00000103.jpg,French
French/00000171.jpg,French
French/00000154.jpg,French
French/00000053.jpg,French
British/00000003.jpg,British
British/00000045.jpg,British
British/00000074.jpg,British
British/00000151.jpg,British
British/00000129.jpg,British
British/00000089.jpg,British
British/00000125.jpg,British
British/00000000.jpg,British
British/00000141.jpg,British
British/00000135.jpg,British
British/00000190.jpg,British
British/00000023.jpg,British
British/00000153.jpg,British
British/00000033.jpg,British
British/00000111.png,British
British/00000058.jpg,British
British/00000166.jpg,British
British/00000173.jpg,British
British/00000113.jpg,British
British/00000199.jpg,British
British/00000102.jpg,British
British/00000084.png,British
British/00000038.jpg,British
British/00000070.jpg,British
British/00000010.jpg,British
British/00000017.jpg,British
British/00000082.jpg,British
British/00000095.jpg,British
British/00000012.jpg,British
British/00000029.gif,British
British/00000098.jpg,British
British/00000091.jpg,British
British/00000093.jpg,British
British/00000048.jpg,British
British/00000185.jpg,British
British/00000149.jpg,British
British/00000086.jpg,British
British/00000061.jpg,British
British/00000195.jpg,British
British/00000030.jpg,British
British/00000123.jpg,British
British/00000169.jpg,British
British/00000016.jpg,British
British/00000019.jpg,British
British/00000057.jpg,British
British/00000042.jpg,British
British/00000193.jpg,British
British/00000186.jpg,British
British/00000128.JPG,British
British/00000008.jpg,British
British/00000097.jpg,British
British/00000026.jpg,British
British/00000184.jpg,British
British/00000087.JPG,British
British/00000142.jpg,British
British/00000189.jpg,British
British/00000014.jpg,British
British/00000001.jpg,British
British/00000132.jpg,British
British/00000047.jpg,British
British/00000146.jpg,British
British/00000187.jpg,British
British/00000147.jpg,British
British/00000168.jpeg,British
British/00000180.jpg,British
British/00000067.jpg,British
British/00000011.jpg,British
British/00000164.png,British
British/00000041.jpg,British
British/00000139.jpg,British
British/00000027.jpg,British
British/00000167.jpg,British
British/00000068.jpg,British
British/00000020.jpg,British
British/00000182.jpg,British
British/00000024.jpg,British
British/00000109.jpg,British
British/00000007.jpg,British
British/00000065.jpg,British
British/00000036.jpg,British
British/00000005.jpg,British
British/00000120.jpg,British
British/00000117.jpg,British
British/00000131.png,British
British/00000078.jpg,British
British/00000198.png,British
British/00000110.PNG,British
British/00000076.jpg,British
British/00000004.jpg,British
British/00000049.jpg,British
British/00000177.jpg,British
British/00000197.jpg,British
British/00000025.jpg,British
British/00000018.jpg,British
British/00000104.jpg,British
British/00000150.jpg,British
British/00000059.jpg,British
British/00000006.jpg,British
British/00000040.jpg,British
British/00000015.jpg,British
British/00000158.jpg,British
British/00000092.jpg,British
British/00000066.jpeg,British
British/00000032.jpg,British
British/00000160.jpg,British
British/00000148.jpg,British
British/00000079.jpg,British
British/00000162.jpg,British
British/00000013.jpg,British
British/00000192.jpg,British
British/00000090.jpg,British
British/00000108.jpg,British
British/00000126.jpg,British
British/00000138.jpg,British
British/00000073.jpg,British
British/00000112.jpg,British
British/00000191.png,British
British/00000140.png,British
British/00000021.jpg,British
British/00000133.jpg,British
British/00000037.jpg,British
British/00000121.jpg,British
British/00000122.jpg,British
British/00000152.jpg,British
British/00000099.jpg,British
British/00000081.jpg,British
British/00000064.jpg,British
British/00000085.jpeg,British
British/00000163.jpg,British
British/00000075.jpg,British
British/00000054.jpg,British
British/00000046.png,British
British/00000101.jpg,British
British/00000052.jpg,British
British/00000043.jpg,British
British/00000071.jpg,British
British/00000062.jpg,British
British/00000039.jpg,British
British/00000175.jpg,British
British/00000157.jpg,British
British/00000174.jpg,British
British/00000130.png,British
British/00000127.jpg,British
British/00000107.jpg,British
British/00000183.jpeg,British
British/00000103.jpg,British
British/00000171.jpg,British
British/00000154.jpg,British
British/00000053.jpg,British
